epoch,lr,train_loss,sec,dice_WT,dice_TC,dice_ET,dice_mean
0,1.500e-04,1.6035,154,,,,
1,3.000e-04,1.3280,81,,,,
2,2.977e-04,0.9950,87,,,,
3,2.910e-04,0.7139,78,,,,
4,2.800e-04,0.4855,78,0.9024,0.6825,0.7877,0.7908
5,2.651e-04,0.3037,79,,,,
6,2.467e-04,0.2807,91,,,,
7,2.253e-04,0.2132,80,,,,
8,2.017e-04,0.2095,78,,,,
9,1.766e-04,0.2058,78,0.9160,0.8820,0.8767,0.8916
10,1.506e-04,0.1882,79,,,,
11,1.246e-04,0.1661,79,,,,
12,9.947e-05,0.1719,78,,,,
13,7.584e-05,0.1464,78,,,,
14,5.448e-05,0.1669,78,0.9293,0.8876,0.8790,0.8987
15,3.604e-05,0.1478,78,,,,
16,2.108e-05,0.1602,81,,,,
17,1.005e-05,0.1456,79,,,,
18,3.289e-06,0.1390,80,,,,
19,1.000e-06,0.1404,78,0.9353,0.8899,0.8904,0.9052
